iteration,fail_rate_mean,fail_rate_std,runs
1,0.06465506758283757,0.053696043123932787,7378
2,0.025621550577968864,0.029732507150302262,3790
