platform,environment,fail_rate_mean,fail_rate_std,runs
android,release_app,0.0564890136714828,0.05470966703049335,1858
ios,release_app,0.05589408641546125,0.05419208238719599,1863
ios,test_app,0.05477159824951726,0.052795234612311094,1863
android,test_app,0.054557083812384645,0.0522241145750417,1856
web,release_app,0.04379908778567027,0.0425307880858124,1868
web,test_app,0.042972776260639535,0.04286556606120491,1860
