squad,fail_rate_mean,fail_rate_std,runs
fintech,0.05216316934341315,0.05074603656945642,1392
marketing,0.051837172052186714,0.05074082154379388,1387
identity,0.05183399131952431,0.05116691340754699,1384
smart-testing,0.05171020987588471,0.05001172078303075,1404
logistics,0.051462713469803745,0.050520577535196155,1398
payments,0.051396497344816404,0.05084126163403347,1399
checkout,0.05124040147887026,0.05032779214362179,1408
search,0.049632549286437344,0.04940516887432757,1396
